xgboost_train,xgboost_test
0.2273021787405014,0.22750531136989594
-1.5990448446245864e-05,-0.00020354149455670267
0.25590758174832895,0.2530982162186959
