xgboost_train,xgboost_test
0.240889310836792,0.24208737909793854
1.6419740859419107e-05,0.00014785215898882598
0.2420714086882818,0.2393120474268784
