extra_trees_train,extra_trees_test
0.13538945204951602,0.20653425526644129
-5.9275606640624385e-18,0.00033747362546981686
0.7360088506791909,0.38444826957647626
