extra_trees_train,extra_trees_test
0.14547740567990589,0.22010230924174431
5.1381231664068645e-18,-0.00039404815943478946
0.7235706854842153,0.3712015874507113
