xgboost_train,xgboost_test
0.017085684463381767,0.09877675771713257
-3.0323416666533376e-08,7.750163786113262e-05
0.9966028236938489,0.886327950551618
