xgboost_train,xgboost_test
0.008482498116791248,0.09276928007602692
3.96073884800785e-09,0.00019632256589829922
0.9990991700081902,0.891935432968636
