feature,importance
unwrapped_phase,0.06886015832424164
bare_earth_dem,0.03713986650109291
amplitude,0.0318208709359169
incidence_angle,0.027613991871476173
vegetation_ht,0.02204286865890026
coherence,0.012586160562932491
wrapped_phase,0.012034380808472633
