pytorch_nn_train,pytorch_nn_test
0.25008636713027954,0.24955743551254272
0.01113311480730772,0.011464377865195274
0.21740114926049958,0.21798333758993405
