pytorch_nn_train,pytorch_nn_test
0.2614375352859497,0.26126807928085327
0.0005979715497232974,0.0010143108665943146
0.2043362519196006,0.20472611172828958
