xgboost_train,xgboost_test
0.012015615589916706,0.09372539818286896
8.769661441476728e-09,0.00013476746971718967
0.9983259973226418,0.8981863788586677
