xgboost_train,xgboost_test
0.02392355538904667,0.09851069003343582
-6.248399841979335e-08,-0.00014550598280038685
0.9937449715946814,0.8940096559792483
