feature,importance
unwrapped_phase,0.11120165884494781
bare_earth_dem,0.028833743184804916
incidence_angle,0.02142808958888054
amplitude,0.020211784169077873
wrapped_phase,0.014406898990273476
coherence,0.013388864696025848
