feature,importance
unwrapped_phase,0.10565361380577087
elevation,0.04576341435313225
amplitude,0.020018011331558228
incidence_angle,0.01955857314169407
coherence,0.013430624268949032
wrapped_phase,0.012736986391246319
