extra_trees_train,extra_trees_test
0.19131308520361728,0.22612937511110234
-1.8429645914277793e-17,0.0012004656440526397
0.5756212243945111,0.40734047240805893
