extra_trees_train,extra_trees_test
0.20076906105800754,0.23650384339265157
-5.1611703255720375e-18,8.914749437853786e-05
0.5594743220224832,0.38909171237471096
