pytorch_nn_train,pytorch_nn_test
0.15870441496372223,0.16111604869365692
0.00679644662886858,0.007100855931639671
0.6711411049014536,0.6630698525558081
