pytorch_nn_train,pytorch_nn_test
0.14976496994495392,0.15153390169143677
-0.0008733783615753055,-0.00100203778129071
0.6770323605956943,0.6686401596227489
