pytorch_nn_train,pytorch_nn_test
0.23851345479488373,0.2391851544380188
0.0014683540211990476,0.002382149687036872
0.34046614902302796,0.3369295257506817
