pytorch_nn_train,pytorch_nn_test
0.24975119531154633,0.24933594465255737
-0.0004972274764440954,0.0002828872238751501
0.31820467895915694,0.3210007823737291
