extra_trees_train,extra_trees_test
0.0012472698356432211,0.09982912355769147
0.0,0.0001569147208796099
0.9999819621345366,0.8844936602434142
