extra_trees_train,extra_trees_test
0.023650285405195166,0.10403988500077095
-2.6425132377218048e-20,6.126637261144529e-05
0.9938870558982084,0.8817777179719192
