feature,importance
wrapped_phase,0.257817136713818
bare_earth_dem,0.23551944852814014
unwrapped_phase,0.22768713205043317
incidence_angle,0.10846986201935212
amplitude,0.09430573916198354
coherence,0.07620068152627296
