feature,importance
wrapped_phase,0.2557023883073397
elevation,0.2350611795894785
unwrapped_phase,0.22724748482112417
incidence_angle,0.11001440858072269
amplitude,0.09665571764329041
coherence,0.07531882105804463
