pytorch_nn_train,pytorch_nn_test
0.24179017543792725,0.24249166250228882
-0.0027092802338302135,-0.002547943266108632
0.23667636750955467,0.23676927978019413
