pytorch_nn_train,pytorch_nn_test
0.22827987372875214,0.227927565574646
0.006141112186014652,0.005876384675502777
0.24963266230676495,0.2503230743779089
