extra_trees_train,extra_trees_test
0.027950599844705316,0.10849079512385743
2.0529675098383516e-20,0.00021614685759039064
0.990908508649984,0.8628708506199274
