extra_trees_train,extra_trees_test
0.0012149181366346807,0.10126843904339619
0.0,0.0002834050660990088
0.9999815205454639,0.87122748024298
