feature,importance
elevation,0.25018935030792044
unwrapped_phase,0.1843354859189569
amplitude,0.15915082569102582
incidence_angle,0.15883676699930707
wrapped_phase,0.1479969586292259
coherence,0.09949061245356387
