feature,importance
bare_earth_dem,0.26318760375807065
unwrapped_phase,0.17902505403524327
amplitude,0.15763670251518885
incidence_angle,0.15458773096358733
wrapped_phase,0.14638686621183092
coherence,0.09917604251607905
