extra_trees_train,extra_trees_test
0.016214481287380754,0.10521756817475919
4.915295748127827e-21,0.00026816996678639347
0.9969404399309597,0.8710205508459959
