extra_trees_train,extra_trees_test
0.0007185681912523187,0.0991059739797678
0.0,0.00026042919373822296
0.9999935355572446,0.8766683248846756
