feature,importance
bare_earth_dem,0.2492671558837443
unwrapped_phase,0.1626764520368963
incidence_angle,0.14135246994333328
wrapped_phase,0.13963251894845194
vegetation_ht,0.12450009531629531
amplitude,0.1066384773429692
coherence,0.07593283052830968
