xgboost_train,xgboost_test
0.24880144000053406,0.24849550426006317
-1.7552140434418106e-06,0.00032862130319699645
0.2250009081739781,0.22462444282359095
