xgboost_train,xgboost_test
0.2605845332145691,0.2606135308742523
3.1432281843990495e-07,0.00039222289342433214
0.20977618701198741,0.2087061066855581
