extra_trees_train,extra_trees_test
0.0009644415544804659,0.10392843753471459
0.0,4.113933689250209e-05
0.9999866041111811,0.8441347979669149
