pytorch_nn_train,pytorch_nn_test
0.16018903255462646,0.16174378991127014
-0.003927404526621103,-0.004015645477920771
0.7012833309944569,0.6952110017340766
