pytorch_nn_train,pytorch_nn_test
0.15490610897541046,0.1554434895515442
-0.009469306096434593,-0.00898616760969162
0.6997409623081612,0.6965968606690566
