pytorch_nn_train,pytorch_nn_test
0.16784372925758362,0.16881172358989716
0.003693554550409317,0.0034679919481277466
0.5943523839843352,0.5887692686879674
