pytorch_nn_train,pytorch_nn_test
0.17826178669929504,0.18015938997268677
-0.009709465317428112,-0.00940245296806097
0.5850956421971171,0.5787148793284047
