xgboost_train,xgboost_test
0.012394202873110771,0.10464231669902802
-2.0728121441493386e-08,0.0004677398828789592
0.9979935407833301,0.8578728629183404
