xgboost_train,xgboost_test
0.0067671542055904865,0.09844444692134857
9.185927574151265e-09,-0.0004190954496152699
0.9993404740743592,0.8601498813140054
