feature,importance
elevation,0.08904707431793213
incidence_angle,0.0479423925280571
unwrapped_phase,0.02166936919093132
vegetation_ht,0.020415550097823143
amplitude,0.013172873295843601
coherence,0.010529037564992905
wrapped_phase,0.010255008935928345
