pytorch_nn_train,pytorch_nn_test
0.1726730316877365,0.17378336191177368
0.009571585804224014,0.009539332240819931
0.6529091121186852,0.6481476920388078
