pytorch_nn_train,pytorch_nn_test
0.1649094969034195,0.16503724455833435
0.009347507730126381,0.009698528796434402
0.6597090678067763,0.6579898860139499
