extra_trees_train,extra_trees_test
0.00026683420628858585,0.10488170253526885
0.0,-0.0005035756966296822
0.9999989745778122,0.8412623934347432
