extra_trees_train,extra_trees_test
0.01077466258314441,0.11176351335624689
4.5557199304926805e-21,0.0008135163550995994
0.9984836468453061,0.8378703930680643
