feature,importance
elevation,0.3323657125808125
incidence_angle,0.20308245657795904
vegetation_ht,0.16021775654435197
unwrapped_phase,0.1041193394193496
wrapped_phase,0.08359777940087111
amplitude,0.06551398214530046
coherence,0.051102973331355224
