extra_trees_train,extra_trees_test
0.2099115191294055,0.24834268194346917
1.9747219146658987e-17,0.00028508028115691996
0.4872266949059699,0.28146697866707016
