extra_trees_train,extra_trees_test
0.19919757568871374,0.23629252340206536
7.25247305663417e-18,0.00030558926597793254
0.5032210167408608,0.29890814339257366
