xgboost_train,xgboost_test
0.014991787262260914,0.10234435647726059
6.8006769105011244e-09,0.00023332233831752092
0.9967631202198605,0.8488500243086777
