xgboost_train,xgboost_test
0.031730566173791885,0.10977756977081299
-4.425363897553325e-08,-0.00015693674504291266
0.9868493068426546,0.8435810221520234
