feature,importance
elevation,0.07006239145994186
incidence_angle,0.03563663735985756
unwrapped_phase,0.026452237740159035
amplitude,0.01589575596153736
coherence,0.01346009224653244
wrapped_phase,0.012314530089497566
