pytorch_nn_train,pytorch_nn_test
0.15786117315292358,0.1596228927373886
0.009452645666897297,0.009676992893218994
0.7110904340024038,0.7046876559846862
