pytorch_nn_train,pytorch_nn_test
0.16300040483474731,0.16463710367679596
-0.0037255294155329466,-0.003464128589257598
0.7095869587028072,0.7039567848450037
