xgboost_train,xgboost_test
0.01384976226836443,0.09736652672290802
8.256241912363294e-09,0.0003654146275948733
0.9975985154412652,0.8809596300503607
