xgboost_train,xgboost_test
0.028260286897420883,0.10404468327760696
-5.4269168714426996e-08,-9.044669241120573e-06
0.990705926628521,0.8738800464896483
