feature,importance
unwrapped_phase,0.06322510540485382
elevation,0.05180292949080467
amplitude,0.0315825529396534
incidence_angle,0.024497348815202713
coherence,0.01443942915648222
wrapped_phase,0.012652819976210594
