xgboost_train,xgboost_test
0.24841569364070892,0.24833230674266815
1.1711463230312802e-06,0.0006817620014771819
0.32557203283776803,0.326455872042983
