xgboost_train,xgboost_test
0.23715536296367645,0.23811523616313934
-2.7604396564129274e-06,0.0008961712010204792
0.3478757967801538,0.34284836878742375
